Identifiant station;Nom de la Station;Nom de la ligne;Niveau de pollution;Recommandation de surveillance;stop_lon;stop_lat;pollution_air
IDFM:22123;Anvers;Métro 2;MOYENNE;non;2.34415484033029;48.8828685688439;pollution moyenne - incertitude forte
IDFM:463123;Assemblée Nationale;Métro 12;MOYENNE;non;2.32068967969443;48.8611220500808;pollution moyenne - incertitude forte
IDFM:monomodalStopPlace:45873;Auber;RER A;MOYENNE;non;2.32965914957936;48.8723488407182;pollution moyenne - incertitude faible
IDFM:463031;Aubervilliers-Pantin Quatre Chemins;Métro 7;MOYENNE;non;2.39222057122922;48.9037570603656;pollution moyenne - incertitude forte
IDFM:monomodalStopPlace:44493;Bagneux;RER B;station aérienne;non;2.32200870474216;48.7933369062715;station aérienne
IDFM:463094;Barbès - Rochechouart;Métro 2;station aérienne;non;2.35057340088851;48.8838523498619;station aérienne
IDFM:22097;Bastille;Métro 8;MOYENNE;non;2.3695064282002;48.8534254616933;pollution moyenne - incertitude forte
IDFM:22014;Bobigny-Pantin - Raymond Queneau;Métro 5;MOYENNE;non;2.42630867923204;48.8956020743325;pollution moyenne - incertitude forte
IDFM:monomodalStopPlace:43092;Boigneville;RER D;station aérienne;non;2.37861844041654;48.3412086325076;station aérienne
IDFM:22188;Boucicaut;Métro 8;FAIBLE;non;2.28791843112456;48.8410241609932;pollution faible - incertitude forte
IDFM:monomodalStopPlace:43097;Bourg-la-Reine;RER B;station aérienne;non;2.31227831183431;48.7802643688424;station aérienne
IDFM:22008;Bréguet-Sabin;Métro 5;MOYENNE;non;2.37019466858975;48.8562440546863;pollution moyenne - incertitude forte
IDFM:22231;Brochant;Métro 13;FAIBLE;non;2.32019024689995;48.8906220155489;pollution faible - incertitude forte
IDFM:monomodalStopPlace:58874;Bussy-Saint-Georges;RER A;FAIBLE;non;2.7103828395097;48.8367133707814;pollution faible - incertitude forte
IDFM:463039;Buzenval;Métro 9;MOYENNE;non;2.40117076936841;48.8517624398323;pollution moyenne - incertitude forte
IDFM:monomodalStopPlace:43105;Cernay;RER C;station aérienne;non;2.25701785790782;48.9851492002004;station aérienne
IDFM:monomodalStopPlace:58757;Champ de Mars Tour Eiffel;RER C;MOYENNE;non;2.28965624938655;48.8564765666592;pollution moyenne - incertitude faible
IDFM:22093;Champs-Elysées - Clemenceau;Métro 13;FAIBLE;non;2.31401668387612;48.8675008375908;pollution faible - incertitude forte
IDFM:21934;Charonne;Métro 9;MOYENNE;non;2.38488789866904;48.8550074370507;pollution moyenne - incertitude forte
IDFM:462979;Château d'Eau;Métro 4;FAIBLE;non;2.35590144978054;48.8724730891177;pollution faible - incertitude forte
IDFM:463159;Châtelet;Métro 14;MOYENNE;non;2.3464118497695;48.8595565327268;pollution moyenne - incertitude forte
IDFM:22364;Châtelet;Métro 7;MOYENNE;non;2.34816099123458;48.8569534607853;pollution moyenne - incertitude forte
IDFM:463146;Chemin Vert;Métro 8;FAIBLE;non;2.36809508538599;48.8570873678203;pollution faible - incertitude forte
IDFM:490851;Chevilly-Larue (Marché International);Métro 14;pas de données;non;2.36737460418592;48.7584835614696;pas de données
IDFM:22120;Colonel Fabien;Métro 2;MOYENNE;non;2.37057610281966;48.8776953458055;pollution moyenne - incertitude forte
IDFM:monomodalStopPlace:45771;Combs-la-Ville - Quincy;RER D;station aérienne;non;2.54769988230855;48.6678197218;station aérienne
IDFM:22057;Concorde;Métro 12;MOYENNE;non;2.32318144957186;48.8661500348259;pollution moyenne - incertitude forte
IDFM:463152;Corentin Cariou;Métro 7;FAIBLE;non;2.38229155716463;48.8946726600563;pollution faible - incertitude forte
IDFM:monomodalStopPlace:47052;Courcelle-sur-Yvette;RER B;station aérienne;non;2.09772238679554;48.701313677277;station aérienne
IDFM:463166;Créteil - L'Echat;Métro 8;station aérienne;non;2.44942404701337;48.7966110809606;station aérienne
IDFM:monomodalStopPlace:43121;Dourdan;RER C;station aérienne;non;2.00875691566211;48.5337605122046;station aérienne
IDFM:monomodalStopPlace:43122;Drancy;RER B;station aérienne;non;2.4548831807453;48.9327325539591;station aérienne
IDFM:22214;Ecole Vétérinaire de Maisons-Alfort;Métro 8;FAIBLE;non;2.42232275170259;48.8147586840067;pollution faible - incertitude forte
IDFM:monomodalStopPlace:45759;Essonnes Robinson;RER D;station aérienne;non;2.46329581884444;48.6058174009133;station aérienne
IDFM:monomodalStopPlace:45745;Evry - Val de Seine;RER D;station aérienne;non;2.4523091616356;48.634392993204;station aérienne
IDFM:462956;Exelmans;Métro 9;MOYENNE;non;2.25967486021195;48.8426244652599;pollution moyenne - incertitude forte
IDFM:22189;Félix Faure;Métro 8;FAIBLE;non;2.29184722036797;48.8426843347966;pollution faible - incertitude forte
IDFM:22200;Filles du Calvaire;Métro 8;FAIBLE;non;2.36682685979541;48.863088301887;pollution faible - incertitude forte
IDFM:22082;Franklin D. Roosevelt;Métro 1;FAIBLE;non;2.30935966651963;48.8691648256349;pollution faible - incertitude faible
IDFM:monomodalStopPlace:47927;Gare de Chamarande;RER C;station aérienne;non;2.21515627185416;48.5140531894894;station aérienne
IDFM:463001;Gare de l'Est;Métro 7;MOYENNE;oui;2.35812052527307;48.8762712145416;pollution moyenne - incertitude forte
IDFM:monomodalStopPlace:470195;Gare de Lyon;RER D;FAIBLE;non;2.3763656609312;48.8434021164656;pollution faible - incertitude faible
IDFM:monomodalStopPlace:462394;Gare du Nord;RER B;MOYENNE;non;2.35669343752856;48.8823068584271;pollution moyenne - incertitude forte
IDFM:monomodalStopPlace:462394;Gare du Nord;RER D;MOYENNE;non;2.35669343752856;48.8823068584271;pollution moyenne - incertitude faible
IDFM:22149;Gare du Nord;Métro 4;MOYENNE;non;2.3567688845721;48.8795105531306;pollution moyenne - incertitude forte
IDFM:monomodalStopPlace:43251;Garges - Sarcelles;RER D;station aérienne;non;2.38995475552394;48.9763263584397;station aérienne
IDFM:22244;Garibaldi;Métro 13;FAIBLE;non;2.33196255364766;48.9063723919232;pollution faible - incertitude forte
IDFM:monomodalStopPlace:43130;Gennevilliers;RER C;station aérienne;non;2.30798225455374;48.9328240553643;station aérienne
IDFM:monomodalStopPlace:45877;Gentilly;RER B;station aérienne;non;2.34092683079075;48.8152280926113;station aérienne
IDFM:monomodalStopPlace:47888;Gif-sur-Yvette;RER B;station aérienne;non;2.13649439862523;48.6981755799203;station aérienne
IDFM:462952;Guy Môquet;Métro 13;FAIBLE;non;2.32748325862613;48.8930014419616;pollution faible - incertitude forte
IDFM:463061;Hôtel de Ville;Métro 11;MOYENNE;non;2.35142399194287;48.8576007363345;pollution moyenne - incertitude forte
IDFM:22091;Hôtel de Ville;Métro 1;FAIBLE;non;2.3520676701391;48.8573524051859;pollution faible - incertitude forte
IDFM:monomodalStopPlace:470540;Invalides;RER C;FAIBLE;non;2.31265765091044;48.8627130056211;pollution faible - incertitude faible
IDFM:22193;Invalides;Métro 8;FAIBLE;non;2.31463266044452;48.8610920113811;pollution faible - incertitude forte
IDFM:22185;Invalides;Métro 13;FAIBLE;non;2.31463999512253;48.8605344555412;pollution faible - incertitude forte
IDFM:monomodalStopPlace:43084;Issy;RER C;station aérienne;non;2.25788354762202;48.819337378702;station aérienne
IDFM:monomodalStopPlace:462357;Issy Val de Seine;RER C;station aérienne;non;2.26401134604554;48.8305096457022;station aérienne
IDFM:21952;Jaurès;Métro 5;ELEVE;non;2.37143895998561;48.8830239134293;pollution élevée - incertitude faible
IDFM:21972;Javel - André Citroën;Métro 10;MOYENNE;non;2.27800949652736;48.8461811062232;pollution moyenne - incertitude forte
IDFM:21995;Jourdain;Métro 11;FAIBLE;non;2.3893253789101;48.8752473486414;pollution faible - incertitude forte
IDFM:monomodalStopPlace:45739;Juvisy;RER D;station aérienne;non;2.38333462940387;48.6897094091231;station aérienne
IDFM:22170;Kléber;Métro 6;MOYENNE;non;2.29314613724863;48.871489412935;pollution moyenne - incertitude forte
IDFM:monomodalStopPlace:470549;La Défense;RER E;pas de données;non;2.23841859625041;48.8922298015682;pas de données
IDFM:monomodalStopPlace:470549;La Défense;RER A;MOYENNE;non;2.23841859625041;48.8922298015682;pollution moyenne - incertitude forte
IDFM:490791;La Dhuys;Métro 11;pas de données;non;2.46511618195365;48.8780111916913;pas de données
IDFM:monomodalStopPlace:43146;La Varenne - Chennevières;RER A;station aérienne;non;2.51323228730153;48.7953274945946;station aérienne
IDFM:monomodalStopPlace:43607;Laplace;RER B;station aérienne;non;2.33434401587019;48.8083601372028;station aérienne
IDFM:462999;Laumière;Métro 5;ELEVE;non;2.3793117790181;48.8852008868903;pollution élevée - incertitude forte
IDFM:monomodalStopPlace:43237;Le Vésinet - Le Pecq;RER A;station aérienne;non;2.12213223230376;48.8979495107997;station aérienne
IDFM:monomodalStopPlace:43228;Les Baconnets;RER B;station aérienne;non;2.28810812715142;48.7398461287127;station aérienne
IDFM:monomodalStopPlace:47968;Les Noues;RER D;station aérienne;non;2.47771396213922;49.0330720438469;station aérienne
IDFM:monomodalStopPlace:43152;Lognes;RER A;station aérienne;non;2.6330269345677;48.8392550494387;station aérienne
IDFM:22187;Lourmel;Métro 8;FAIBLE;non;2.28224195985508;48.8386608636599;pollution faible - incertitude forte
IDFM:463218;Louvre - Rivoli;Métro 1;FAIBLE;non;2.34099642727202;48.8609073342633;pollution faible - incertitude forte
IDFM:monomodalStopPlace:474069;Lozère;RER B;station aérienne;non;2.21271764184595;48.705912413627;station aérienne
IDFM:monomodalStopPlace:58572;Magenta;RER E;MOYENNE;non;2.35869590863711;48.8808103941152;pollution moyenne - incertitude faible
IDFM:22238;Mairie de Clichy;Métro 13;MOYENNE;non;2.30584840635789;48.9034989746267;pollution moyenne - incertitude forte
IDFM:26602;Mairie de Montrouge;Métro 4;MOYENNE;oui;2.31952383575474;48.8184719000737;pollution moyenne - incertitude forte
IDFM:22216;Maisons-Alfort - Les Juilliottes;Métro 8;MOYENNE;non;2.44578830637596;48.8031058503666;pollution moyenne - incertitude forte
IDFM:463215;Maraîchers;Métro 9;MOYENNE;non;2.40604900657904;48.8526501309564;pollution moyenne - incertitude forte
IDFM:462914;Marcel Sembat;Métro 9;MOYENNE;non;2.24358304861805;48.8335929821897;pollution moyenne - incertitude forte
IDFM:463236;Marx Dormoy;Métro 12;MOYENNE;non;2.35980847808402;48.8905795785672;pollution moyenne - incertitude forte
IDFM:21975;Maubert - Mutualité;Métro 10;MOYENNE;non;2.34821934392767;48.8501096945149;pollution moyenne - incertitude forte
IDFM:463238;Michel-Ange - Auteuil;Métro 9;ELEVE;oui;2.26380932202266;48.8477089321683;pollution élevée - incertitude forte
IDFM:monomodalStopPlace:47684;Montgeron - Crosne;RER D;station aérienne;non;2.46137744643722;48.7087110836671;station aérienne
IDFM:22144;Mouton-Duvernet;Métro 4;FAIBLE;non;2.32979034782274;48.8313820090936;pollution faible - incertitude forte
IDFM:21919;Nation;Métro 9;MOYENNE;non;2.39594372104981;48.8488852184172;pollution moyenne - incertitude forte
IDFM:monomodalStopPlace:44199;Noisiel;RER A;station aérienne;non;2.61666060600005;48.8435140849387;station aérienne
IDFM:monomodalStopPlace:44201;Noisy-le-Sec;RER E;station aérienne;non;2.45919809568668;48.8966634168645;station aérienne
IDFM:463045;Olympiades;Métro 14;MOYENNE;non;2.36703427094192;48.826944155043;pollution moyenne - incertitude forte
IDFM:monomodalStopPlace:43086;Orsay Ville;RER B;station aérienne;non;2.18080870445972;48.6975077019159;station aérienne
IDFM:monomodalStopPlace:47878;Parc des Expositions;RER B;station aérienne;non;2.5145512908226;48.9735681265428;station aérienne
IDFM:22114;Pigalle;Métro 2;ELEVE;non;2.33825797650959;48.8822695422262;pollution élevée - incertitude forte
IDFM:22006;Place d'Italie;Métro 5;MOYENNE;non;2.35559694336975;48.8309662270841;pollution moyenne - incertitude forte
IDFM:463003;Place d'Italie;Métro 6;MOYENNE;non;2.35605026822643;48.830991153014;pollution moyenne - incertitude forte
IDFM:monomodalStopPlace:58798;Pont du Garigliano - Hôpital Européen G. Pompidou;RER C;station aérienne;non;2.27047018769004;48.8388833627087;station aérienne
IDFM:22378;Pont Marie (Cité des Arts);Métro 7;FAIBLE;non;2.35734996844706;48.8534147493624;pollution faible - incertitude forte
IDFM:463258;Porte de Champerret;Métro 3;MOYENNE;non;2.29211248215884;48.8856523931338;pollution moyenne - incertitude forte
IDFM:22208;Porte de Charenton;Métro 8;FAIBLE;non;2.40251187285007;48.8334492228795;pollution faible - incertitude forte
IDFM:463030;Porte de Choisy;Métro 7;FAIBLE;non;2.36467859404946;48.8200559291482;pollution faible - incertitude forte
IDFM:463279;Porte de Montreuil;Métro 9;MOYENNE;non;2.4107181540275;48.8534826312066;pollution moyenne - incertitude forte
IDFM:463280;Porte de Pantin;Métro 5;MOYENNE;non;2.39212297232815;48.8884592113468;pollution moyenne - incertitude forte
IDFM:463259;Porte de Saint-Cloud;Métro 9;MOYENNE;non;2.25678949642071;48.8379972828738;pollution moyenne - incertitude forte
IDFM:22042;Porte de Versailles;Métro 12;FAIBLE;non;2.28813294509322;48.8323015143945;pollution faible - incertitude forte
IDFM:463235;Porte d'Italie;Métro 7;FAIBLE;non;2.35952973310717;48.8191065965587;pollution faible - incertitude forte
IDFM:463029;Porte d'Ivry;Métro 7;FAIBLE;non;2.36929497822331;48.8213529883369;pollution faible - incertitude forte
IDFM:463092;Porte d'Orléans;Métro 4;MOYENNE;non;2.32562376035311;48.8233946026207;pollution moyenne - incertitude forte
IDFM:22375;Pyramides;Métro 7;FAIBLE;non;2.33441753596656;48.8658802899141;pollution faible - incertitude forte
IDFM:463290;Ranelagh;Métro 9;MOYENNE;non;2.26994815793464;48.8555035583956;pollution moyenne - incertitude forte
IDFM:22002;Richard-Lenoir;Métro 5;MOYENNE;non;2.37181363047695;48.8598769378687;pollution moyenne - incertitude forte
IDFM:463296;Rome;Métro 2;MOYENNE;oui;2.32135917382297;48.8823458187961;pollution moyenne - incertitude forte
IDFM:monomodalStopPlace:58498;Rosa Parks;RER E;station aérienne;non;2.37371827286547;48.8964582417639;station aérienne
IDFM:monomodalStopPlace:47877;Rosny-sous-Bois;RER E;station aérienne;non;2.48575579932179;48.8700706736775;station aérienne
IDFM:22043;Rue du Bac;Métro 12;MOYENNE;non;2.32567275849852;48.8558755320021;pollution moyenne - incertitude forte
IDFM:21910;Saint-Ambroise;Métro 9;MOYENNE;non;2.37388053821155;48.8614166579092;pollution moyenne - incertitude faible
IDFM:monomodalStopPlace:43188;Sainte-Geneviève-des-Bois;RER C;station aérienne;non;2.3129608959702;48.6529534733915;station aérienne
IDFM:21946;Saint-Fargeau;Métro 3B;MOYENNE;non;2.40449818316887;48.871843372223;pollution moyenne - incertitude forte
IDFM:462969;Saint-Lazare;Métro 12;MOYENNE;non;2.32747023730328;48.875594817797;pollution moyenne - incertitude forte
IDFM:463040;Saint-Mandé;Métro 1;MOYENNE;non;2.41898970634381;48.8462293473589;pollution moyenne - incertitude forte
IDFM:monomodalStopPlace:43203;Saint-Ouen;RER C;MOYENNE;non;2.32269472947337;48.9045608221336;pollution moyenne - incertitude faible
IDFM:monomodalStopPlace:43150;Saint-Ouen-l'Aumône Liesse;RER C;station aérienne;non;2.12812409265732;49.0341234164973;station aérienne
IDFM:monomodalStopPlace:43191;Sartrouville;RER A;station aérienne;non;2.15722003885073;48.9376952936344;station aérienne
IDFM:monomodalStopPlace:59206;Sceaux;RER B;station aérienne;non;2.29792821594393;48.7813079209375;station aérienne
IDFM:monomodalStopPlace:47950;Sermaise;RER C;station aérienne;non;2.06908846861977;48.5356876249936;station aérienne
IDFM:21976;Sèvres - Babylone;Métro 10;MOYENNE;non;2.32610468992557;48.850931505988;pollution moyenne - incertitude forte
IDFM:463008;Stalingrad;Métro 7;MOYENNE;non;2.36889854905767;48.8843730305613;pollution moyenne - incertitude forte
IDFM:22134;Strasbourg - Saint-Denis;Métro 4;FAIBLE;non;2.35449161656383;48.8696235826376;pollution faible - incertitude forte
IDFM:463317;Trinité - d'Estienne d'Orves;Métro 12;MOYENNE;non;2.33304917241824;48.8763365073074;pollution moyenne - incertitude forte
IDFM:monomodalStopPlace:47900;Val de Fontenay;RER E;station aérienne;non;2.48905363077516;48.8542465403202;station aérienne
IDFM:monomodalStopPlace:45735;Vigneux-sur-Seine;RER D;station aérienne;non;2.41349934214824;48.7080893214177;station aérienne
IDFM:22400;Villejuif - Louis Aragon;Métro 7;MOYENNE;non;2.36783901176962;48.7875371709989;pollution moyenne - incertitude forte
IDFM:463323;Villejuif Léo Lagrange;Métro 7;MOYENNE;non;2.36406854765887;48.8043673990195;pollution moyenne - incertitude forte
IDFM:22401;Villejuif Paul Vaillant-Couturier;Métro 7;MOYENNE;non;2.36833160157764;48.7963179341601;pollution moyenne - incertitude forte
IDFM:463325;Voltaire;Métro 9;MOYENNE;non;2.3800316941488;48.857662434386;pollution moyenne - incertitude forte
IDFM:22036;Anatole France;Métro 3;FAIBLE;non;2.28498169634032;48.892206617614;pollution faible - incertitude forte
IDFM:monomodalStopPlace:43066;Antony;RER B;station aérienne;non;2.30089037150584;48.7546320571731;station aérienne
IDFM:21994;Arts et Métiers;Métro 3;FAIBLE;non;2.3567233472755;48.8655345988593;pollution faible - incertitude forte
IDFM:21997;Arts et Métiers;Métro 11;MOYENNE;non;2.35650814364355;48.8652996126449;pollution moyenne - incertitude forte
IDFM:22124;Avron;Métro 2;MOYENNE;non;2.3981875566594;48.8516485435972;pollution moyenne - incertitude forte
IDFM:463051;Balard;Métro 8;MOYENNE;non;2.2783626618092;48.8366678948311;pollution moyenne - incertitude forte
IDFM:monomodalStopPlace:43087;Ballancourt;RER D;station aérienne;non;2.37009304880138;48.5310153121648;station aérienne
IDFM:483277;Barbara;Métro 4;FAIBLE;non;2.3174992240284;48.8097902543071;pollution faible - incertitude forte
IDFM:22010;Bastille;Métro 5;MOYENNE;non;2.36892207564699;48.8532874783043;pollution moyenne - incertitude forte
IDFM:22178;Bercy;Métro 6;MOYENNE;non;2.37946307018526;48.8401760281219;pollution moyenne - incertitude forte
IDFM:463129;Bercy;Métro 14;FAIBLE;non;2.37906201522772;48.8401019980339;pollution faible - incertitude faible
IDFM:463112;Bibliothèque François Mitterrand;Métro 14;FAIBLE;non;2.3764873711683;48.8299257659289;pollution faible - incertitude forte
IDFM:monomodalStopPlace:45763;Boissise-le-Roi;RER D;station aérienne;non;2.57179291425262;48.529857340025;station aérienne
IDFM:monomodalStopPlace:43094;Boissy-Saint-Léger;RER A;station aérienne;non;2.50449817669072;48.7522673078219;station aérienne
IDFM:463132;Bolivar;Métro 7B;MOYENNE;non;2.37415214069875;48.8807898055319;pollution moyenne - incertitude forte
IDFM:22033;Bourse;Métro 3;MOYENNE;non;2.34067854697588;48.8687928439332;pollution moyenne - incertitude forte
IDFM:monomodalStopPlace:47925;Breuillet - Bruyères-le-Châtel;RER C;station aérienne;non;2.19224873943565;48.5776097943633;station aérienne
IDFM:monomodalStopPlace:43099;Breuillet Village;RER C;station aérienne;non;2.17035425729033;48.5643341340457;station aérienne
IDFM:monomodalStopPlace:43101;Bry-sur-Marne;RER A;station aérienne;non;2.52567094502011;48.8451374762809;station aérienne
IDFM:24683;Buttes Chaumont;Métro 7B;MOYENNE;non;2.38156984208801;48.8784990883986;pollution moyenne - incertitude forte
IDFM:463141;Cardinal Lemoine;Métro 10;MOYENNE;non;2.35132800167318;48.8467000352631;pollution moyenne - incertitude forte
IDFM:22391;Censier - Daubenton;Métro 7;MOYENNE;non;2.3516265726055;48.8402262485139;pollution moyenne - incertitude forte
IDFM:monomodalStopPlace:44559;Cergy Préfecture;RER A;MOYENNE;non;2.07978094900131;49.036306683134;pollution moyenne - incertitude faible
IDFM:22090;Champs-Elysées - Clemenceau;Métro 1;FAIBLE;non;2.31439729202524;48.8675839595526;pollution faible - incertitude forte
IDFM:monomodalStopPlace:411428;Chantilly - Gouvieux;RER D;station aérienne;non;2.45951591400852;49.187030004664;station aérienne
IDFM:monomodalStopPlace:58759;Charles de Gaulle - Etoile;RER A;FAIBLE;non;2.29523144764121;48.8741727595654;pollution faible - incertitude forte
IDFM:463043;Charles de Gaulle - Etoile;Métro 2;MOYENNE;non;2.29592750740928;48.8749457931341;pollution moyenne - incertitude forte
IDFM:22095;Charles de Gaulle - Etoile;Métro 6;MOYENNE;non;2.29499573544183;48.8738386147857;pollution moyenne - incertitude forte
IDFM:463149;Château de Vincennes;Métro 1;FAIBLE;non;2.44054009540611;48.8443175143136;pollution faible - incertitude forte
IDFM:22152;Château Rouge;Métro 4;FAIBLE;non;2.34958196802566;48.887241930649;pollution faible - incertitude forte
IDFM:22087;Châtelet;Métro 1;MOYENNE;non;2.34576095418478;48.8592247134282;pollution moyenne - incertitude forte
IDFM:monomodalStopPlace:45102;Châtelet les Halles;RER A;MOYENNE;non;2.34697651043533;48.8617450319132;pollution moyenne - incertitude faible
IDFM:monomodalStopPlace:45102;Châtelet les Halles;RER B;MOYENNE;non;2.34697651043533;48.8617450319132;pollution moyenne - incertitude faible
IDFM:monomodalStopPlace:58879;Chelles - Gournay;RER E;station aérienne;non;2.58338065945007;48.8741194889706;station aérienne
IDFM:monomodalStopPlace:46035;Chemin d'Antony;RER C;station aérienne;non;2.31264968639193;48.7479365425873;station aérienne
IDFM:22096;Concorde;Métro 8;MOYENNE;non;2.32203154265572;48.8665212519395;pollution moyenne - incertitude forte
IDFM:monomodalStopPlace:43114;Conflans Fin d'Oise;RER A;station aérienne;non;2.07464992457102;48.9911562872585;station aérienne
IDFM:462949;Convention;Métro 12;MOYENNE;non;2.29639138648092;48.837135053805;pollution moyenne - incertitude forte
IDFM:490770;Coteaux Beauclair;Métro 11;station aérienne;non;2.46736478044959;48.882122126895;station aérienne
IDFM:463155;Crimée;Métro 7;MOYENNE;non;2.37703806000199;48.8908143456217;pollution moyenne - incertitude forte
IDFM:24687;Danube;Métro 7B;MOYENNE;non;2.39322847122749;48.8819492149206;pollution moyenne - incertitude forte
IDFM:monomodalStopPlace:473890;Denfert-Rochereau;RER B;MOYENNE;non;2.33322063464139;48.8331864367808;pollution moyenne - incertitude forte
IDFM:22016;Eglise de Pantin;Métro 5;MOYENNE;non;2.41311955370694;48.8931639740983;pollution moyenne - incertitude forte
IDFM:monomodalStopPlace:43080;Etampes;RER C;station aérienne;non;2.15981913390772;48.4370626758291;station aérienne
IDFM:monomodalStopPlace:43081;Etréchy;RER C;station aérienne;non;2.19476923819822;48.4938774215009;station aérienne
IDFM:monomodalStopPlace:47906;Evry - Courcouronnes;RER D;MOYENNE;non;2.43003290952145;48.6258879466349;pollution moyenne - incertitude faible
IDFM:monomodalStopPlace:43125;Fontenay-aux-Roses;RER B;station aérienne;non;2.29290838204553;48.7875669821564;station aérienne
IDFM:monomodalStopPlace:43044;Gagny;RER E;station aérienne;non;2.52540460169451;48.8837287316045;station aérienne
IDFM:21981;Gare d'Austerlitz;Métro 5;station aérienne;non;2.36560788076254;48.8422977966282;station aérienne
IDFM:463024;Gare d'Austerlitz;Métro 10;MOYENNE;non;2.36439539460064;48.84228236698;pollution moyenne - incertitude forte
IDFM:463197;Gare de Lyon;Métro 1;MOYENNE;non;2.37312501677669;48.845759486714;pollution moyenne - incertitude forte
IDFM:22084;George V;Métro 1;FAIBLE;non;2.30075978497892;48.8720377645891;pollution faible - incertitude forte
IDFM:22173;Glacière;Métro 6;station aérienne;non;2.34349749271799;48.8311702352458;station aérienne
IDFM:monomodalStopPlace:47876;Goussainville;RER D;station aérienne;non;2.46256580793126;49.023410758267;station aérienne
IDFM:monomodalStopPlace:43131;Gretz-Armainvilliers;RER E;station aérienne;non;2.7271677383399;48.7464553998024;station aérienne
IDFM:monomodalStopPlace:58718;Haussmann Saint-Lazare;RER E;FAIBLE;non;2.32864617974209;48.8749988620012;pollution faible - incertitude faible
IDFM:463188;Havre-Caumartin;Métro 9;MOYENNE;non;2.3276772082794;48.8737568325288;pollution moyenne - incertitude forte
IDFM:490839;Hôpital Bicêtre;Métro 14;pas de données;non;2.34994653323916;48.809971090726;pas de données
IDFM:24680;Jaurès;Métro 7B;MOYENNE;non;2.37045173400456;48.8823442302082;pollution moyenne - incertitude forte
IDFM:monomodalStopPlace:43136;Jouy-en-Josas;RER C;station aérienne;non;2.16444783685501;48.7647600683785;station aérienne
IDFM:463065;Jules Joffrin;Métro 12;FAIBLE;oui;2.34432002938048;48.8924922682019;pollution faible - incertitude forte
IDFM:monomodalStopPlace:411418;La Borne Blanche;RER D;station aérienne;non;2.50699086841941;49.1261949449139;station aérienne
IDFM:22101;La Défense (Grande Arche);Métro 1;FAIBLE;non;2.23798818309883;48.891817866461;pollution faible - incertitude forte
IDFM:463194;La Motte-Picquet - Grenelle;Métro 6;station aérienne;non;2.29895709697701;48.8487654481223;station aérienne
IDFM:21929;La Muette;Métro 9;MOYENNE;non;2.27409624466972;48.8580919668987;pollution moyenne - incertitude forte
IDFM:monomodalStopPlace:43145;La Plaine Stade de France;RER B;station aérienne;non;2.36245991660493;48.918076675621;station aérienne
IDFM:monomodalStopPlace:43149;Lardy;RER C;station aérienne;non;2.25501422039975;48.520620553498;station aérienne
IDFM:22398;Le Kremlin-Bicêtre;Métro 7;MOYENNE;non;2.36213041380256;48.8102525727899;pollution moyenne - incertitude forte
IDFM:monomodalStopPlace:43227;Les Ardoines;RER C;station aérienne;non;2.40958730503322;48.7824892262549;station aérienne
IDFM:monomodalStopPlace:58267;Les Boullereaux Champigny;RER E;station aérienne;non;2.51199084360762;48.824863988162;station aérienne
IDFM:monomodalStopPlace:46298;Les Saules;RER C;station aérienne;non;2.41745498988512;48.7452010522368;station aérienne
IDFM:490837;L'Haÿ-les-Roses;Métro 14;pas de données;non;2.35499121056631;48.7753264639509;pas de données
IDFM:22225;Liège;Métro 13;FAIBLE;non;2.32685267123976;48.8795349373758;pollution faible - incertitude forte
IDFM:463034;Louis Blanc;Métro 7B;MOYENNE;non;2.36436514355026;48.8811834115245;pollution moyenne - incertitude forte
IDFM:monomodalStopPlace:44628;Louvres;RER D;station aérienne;non;2.50181131437148;49.0493372682672;station aérienne
IDFM:463212;Mairie de Saint-Ouen;Métro 13;MOYENNE;non;2.33389308068536;48.9119588647325;pollution moyenne - incertitude forte
IDFM:21999;Mairie des Lilas;Métro 11;MOYENNE;non;2.41629782080119;48.8797436500629;pollution moyenne - incertitude forte
IDFM:463220;Mairie d'Ivry;Métro 7;MOYENNE;non;2.38349805363583;48.8112100933933;pollution moyenne - incertitude forte
IDFM:monomodalStopPlace:473109;Maisons-Laffitte;RER A;station aérienne;non;2.14467226593389;48.9457406074696;station aérienne
IDFM:22235;Malakoff - Plateau de Vanves;Métro 13;FAIBLE;non;2.2982953817025;48.8222075680405;pollution faible - incertitude forte
IDFM:463068;Malesherbes;Métro 3;MOYENNE;non;2.30948784696001;48.8828400225778;pollution moyenne - incertitude forte
IDFM:462974;Marcadet - Poissonniers;Métro 4;FAIBLE;non;2.34954516703856;48.8912796991365;pollution faible - incertitude forte
IDFM:462973;Marcadet - Poissonniers;Métro 12;MOYENNE;non;2.35002462180702;48.8915476028543;pollution moyenne - incertitude forte
IDFM:monomodalStopPlace:43159;Marolles-en-Hurepoix;RER C;station aérienne;non;2.2909083492519;48.5656445355026;station aérienne
IDFM:monomodalStopPlace:47940;Massy - Verrières;RER B;station aérienne;non;2.27397877905532;48.7349579552114;station aérienne
IDFM:monomodalStopPlace:47909;Melun;RER D;station aérienne;non;2.65469836071817;48.5274912772483;station aérienne
IDFM:22116;Ménilmontant;Métro 2;MOYENNE;non;2.38353966877949;48.8664401667817;pollution moyenne - incertitude forte
IDFM:463226;Michel Bizot;Métro 8;FAIBLE;non;2.402366739988;48.8370774310358;pollution faible - incertitude forte
IDFM:462957;Miromesnil;Métro 9;MOYENNE;non;2.31467682382427;48.8736921019791;pollution moyenne - incertitude forte
IDFM:463240;Monceau;Métro 2;MOYENNE;non;2.3094129673747;48.8805687701268;pollution moyenne - incertitude forte
IDFM:monomodalStopPlace:43166;Montigny - Beauchamp;RER C;station aérienne;non;2.1965151756043;49.007744118117;station aérienne
IDFM:22143;Montparnasse Bienvenue;Métro 4;FAIBLE;non;2.32432946077911;48.8438525145258;pollution faible - incertitude forte
IDFM:monomodalStopPlace:43171;Nanterre Ville;RER A;station aérienne;non;2.19511769490499;48.8950197261606;station aérienne
IDFM:monomodalStopPlace:415093;Neuilly Porte Maillot;RER C;MOYENNE;non;2.28421750961371;48.8783478040486;pollution moyenne - incertitude faible
IDFM:22051;Notre-Dame des Champs;Métro 12;FAIBLE;non;2.32856494422794;48.8450815080755;pollution faible - incertitude forte
IDFM:21925;Oberkampf;Métro 9;ELEVE;oui;2.36815584539455;48.8647770985213;pollution élevée - incertitude forte
IDFM:22145;Odéon;Métro 4;FAIBLE;non;2.3394860203179;48.8521033403809;pollution faible - incertitude forte
IDFM:monomodalStopPlace:43176;Pantin;RER E;station aérienne;non;2.40104145428709;48.8979874523004;station aérienne
IDFM:22165;Passy;Métro 6;station aérienne;non;2.28583941888146;48.8575150896203;station aérienne
IDFM:22112;Père Lachaise;Métro 2;ELEVE;oui;2.38768932606569;48.8624863786267;pollution élevée - incertitude forte
IDFM:463228;Pereire;Métro 3;MOYENNE;non;2.29770112383818;48.8849298646372;pollution moyenne - incertitude forte
IDFM:monomodalStopPlace:43179;Pierrefitte - Stains;RER D;station aérienne;non;2.37033142847677;48.962776285551;station aérienne
IDFM:22366;Place Monge;Métro 7;MOYENNE;non;2.35215486857877;48.8426663856429;pollution moyenne - incertitude forte
IDFM:463057;Pointe du Lac;Métro 8;station aérienne;non;2.46431731272204;48.7687613643443;station aérienne
IDFM:480286;Pont Cardinet;Métro 14;MOYENNE;non;2.315190864885;48.8881023898884;pollution moyenne - incertitude forte
IDFM:463233;Pont de Sèvres;Métro 9;MOYENNE;non;2.23050521708855;48.8296691907461;pollution moyenne - incertitude forte
IDFM:monomodalStopPlace:44500;Port Royal;RER B;FAIBLE;non;2.33713839959445;48.8400643502183;pollution faible - incertitude faible
IDFM:463278;Porte de Clichy;Métro 13;MOYENNE;non;2.31320835075881;48.8944312880175;pollution moyenne - incertitude forte
IDFM:monomodalStopPlace:44514;Porte de Clichy;RER C;MOYENNE;non;2.31594115355147;48.8942625683096;pollution moyenne - incertitude faible
IDFM:463262;Porte des Lilas;Métro 3B;MOYENNE;non;2.4069512666209;48.8766399970349;pollution moyenne - incertitude forte
IDFM:462968;Rennes;Métro 12;MOYENNE;non;2.32802068556793;48.848190243114;pollution moyenne - incertitude forte
IDFM:22098;Reuilly - Diderot;Métro 8;MOYENNE;non;2.38720107040939;48.847212926698;pollution moyenne - incertitude forte
IDFM:22196;Richelieu - Drouot;Métro 8;MOYENNE;non;2.3384190255428;48.8717392091026;pollution moyenne - incertitude forte
IDFM:490793;Rosny-Bois-Perrier;Métro 11;pas de données;non;2.48060980080859;48.8830256794257;pas de données
IDFM:22025;Rue Saint-Maur;Métro 3;MOYENNE;non;2.38048633225181;48.8641310802033;pollution moyenne - incertitude forte
IDFM:monomodalStopPlace:58875;Rueil-Malmaison;RER A;station aérienne;non;2.17236641789719;48.8876725006463;station aérienne
IDFM:monomodalStopPlace:46990;Saint-Cyr;RER C;station aérienne;non;2.07271244076548;48.7987746047183;station aérienne
IDFM:462993;Saint-Germain-des-Prés;Métro 4;FAIBLE;non;2.33398742913423;48.8536737134332;pollution faible - incertitude forte
IDFM:462971;Saint-Lazare;Métro 3;MOYENNE;non;2.3244924701708;48.8749665010344;pollution moyenne - incertitude forte
IDFM:22218;Saint-Lazare;Métro 13;FAIBLE;non;2.32548839067261;48.875381316008;pollution faible - incertitude forte
IDFM:monomodalStopPlace:47115;Saint-Martin d'Etampes;RER C;station aérienne;non;2.14525883130717;48.4274876508083;station aérienne
IDFM:monomodalStopPlace:44877;Saint-Michel Notre-Dame;RER B;FAIBLE;non;2.34495978002939;48.8530237937402;pollution faible - incertitude faible
IDFM:462915;Saint-Philippe-du-Roule;Métro 9;ELEVE;oui;2.31013720568782;48.8721551310774;pollution élevée - incertitude forte
IDFM:463308;Saint-Placide;Métro 4;FAIBLE;non;2.32705481506631;48.8470066515894;pollution faible - incertitude forte
IDFM:monomodalStopPlace:461504;Saint-Quentin en Yvelines - Montigny-le-Bretonneux;RER C;station aérienne;non;2.04461598893081;48.7874849159779;station aérienne
IDFM:monomodalStopPlace:47889;Saint-Rémy-lès-Chevreuse;RER B;station aérienne;non;2.07138574290406;48.7027326964727;station aérienne
IDFM:462992;Saint-Sulpice;Métro 4;FAIBLE;non;2.33095355065045;48.8511385895792;pollution faible - incertitude forte
IDFM:463314;Sèvres-Lecourbe;Métro 6;station aérienne;non;2.30952961043039;48.8456476826507;station aérienne
IDFM:monomodalStopPlace:47958;Survilliers - Fosses;RER D;station aérienne;non;2.5255178366967;49.0995116181157;station aérienne
IDFM:490833;Thiais - Orly (Pont de Rungis);Métro 14;pas de données;non;2.37238475112149;48.7468353693868;pas de données
IDFM:463267;Tolbiac;Métro 7;MOYENNE;non;2.35701856773816;48.8261532373434;pollution moyenne - incertitude forte
IDFM:monomodalStopPlace:43215;Vauboyen;RER C;station aérienne;non;2.1925522822775;48.7589713276285;station aérienne
IDFM:monomodalStopPlace:46222;Vert Galant;RER B;station aérienne;non;2.56639688069831;48.9440916454181;station aérienne
IDFM:22109;Victor Hugo;Métro 2;MOYENNE;oui;2.28590200062206;48.8698545716049;pollution moyenne - incertitude forte
IDFM:462988;Villiers;Métro 2;MOYENNE;non;2.31576144923934;48.8812122733784;pollution moyenne - incertitude forte
IDFM:monomodalStopPlace:43222;Villiers-le-Bel - Gonesse - Arnouville;RER D;station aérienne;non;2.41624679589731;48.9937720400517;station aérienne
IDFM:22048;Volontaires;Métro 12;MOYENNE;non;2.30798338057685;48.841411728415;pollution moyenne - incertitude forte
IDFM:monomodalStopPlace:47967;Vosves;RER D;station aérienne;non;2.59940973817953;48.5150760910028;station aérienne
IDFM:463116;Abbesses;Métro 12;FAIBLE;non;2.33839463522091;48.8843927179914;pollution faible - incertitude forte
IDFM:483900;Aimé Césaire;Métro 12;FAIBLE;non;2.37813084516706;48.9084375806695;pollution faible - incertitude forte
IDFM:monomodalStopPlace:46395;Athis-Mons;RER C;station aérienne;non;2.40366872428727;48.7126683217166;station aérienne
IDFM:22130;Barbès - Rochechouart;Métro 4;FAIBLE;non;2.349629927853;48.8834020604862;pollution faible - incertitude forte
IDFM:463019;Bastille;Métro 1;MOYENNE;non;2.36869279609979;48.8519642201121;pollution moyenne - incertitude forte
IDFM:463110;Belleville;Métro 11;MOYENNE;non;2.37668460771854;48.8719895556802;pollution moyenne - incertitude forte
IDFM:22128;Belleville;Métro 2;ELEVE;oui;2.37683069152228;48.8723140773617;pollution élevée - incertitude faible
IDFM:463130;Bérault;Métro 1;FAIBLE;non;2.42922788316603;48.8454916962671;pollution faible - incertitude forte
IDFM:monomodalStopPlace:43091;Bièvres;RER C;station aérienne;non;2.21616033967736;48.7508724376078;station aérienne
IDFM:463115;Bonne Nouvelle;Métro 8;MOYENNE;non;2.34849612254236;48.8704814458048;pollution moyenne - incertitude forte
IDFM:463136;Boulogne Pont de Saint-Cloud;Métro 10;MOYENNE;non;2.22831258982281;48.8406724820625;pollution moyenne - incertitude forte
IDFM:monomodalStopPlace:47895;Boutigny;RER D;station aérienne;non;2.37674548041813;48.4344254251342;station aérienne
IDFM:monomodalStopPlace:43098;Brétigny;RER C;station aérienne;non;2.30195738288606;48.6066490662105;station aérienne
IDFM:monomodalStopPlace:58873;Brunoy;RER D;station aérienne;non;2.50685031231137;48.6989144753069;station aérienne
IDFM:monomodalStopPlace:43103;Bures-sur-Yvette;RER B;station aérienne;non;2.16434613932693;48.6962102231454;station aérienne
IDFM:22210;Charenton - Ecoles;Métro 8;MOYENNE;non;2.41384723706853;48.8212559020495;pollution moyenne - incertitude forte
IDFM:463013;Charles de Gaulle - Etoile;Métro 1;FAIBLE;non;2.29511721382303;48.8739292644553;pollution faible - incertitude forte
IDFM:21986;Charles Michels;Métro 10;MOYENNE;non;2.28562434179957;48.8463617234825;pollution moyenne - incertitude forte
IDFM:463144;Chaussée d'Antin - La Fayette;Métro 9;MOYENNE;non;2.33397045759415;48.8728072371539;pollution moyenne - incertitude forte
IDFM:22388;Chaussée d'Antin - La Fayette;Métro 7;MOYENNE;non;2.3337385944087;48.8731342057747;pollution moyenne - incertitude forte
IDFM:monomodalStopPlace:473843;Cité Universitaire;RER B;station aérienne;non;2.3388576809777;48.8215060068417;station aérienne
IDFM:22126;Couronnes;Métro 2;MOYENNE;non;2.3805336747351;48.8693205191446;pollution moyenne - incertitude forte
IDFM:463167;Créteil - Université;Métro 8;station aérienne;non;2.45056974553426;48.7899428543258;station aérienne
IDFM:monomodalStopPlace:46286;Créteil Pompadour;RER D;station aérienne;non;2.43531584025125;48.7712540722973;station aérienne
IDFM:21943;Croix de Chavaux;Métro 9;MOYENNE;non;2.43585461267458;48.857992585158;pollution moyenne - incertitude forte
IDFM:463169;Daumesnil;Métro 6;MOYENNE;non;2.39614606791545;48.8395374216446;pollution moyenne - incertitude forte
IDFM:463103;Denfert-Rochereau;Métro 6;MOYENNE;non;2.33280377628983;48.8342498673289;pollution moyenne - incertitude forte
IDFM:22151;Denfert-Rochereau;Métro 4;FAIBLE;non;2.33212816043761;48.83392232306;pollution faible - incertitude forte
IDFM:monomodalStopPlace:47095;Dourdan la Forêt;RER C;station aérienne;non;1.9960056880026;48.5354205873368;station aérienne
IDFM:463075;Dugommier;Métro 6;MOYENNE;non;2.38959977007981;48.8390365283289;pollution moyenne - incertitude forte
IDFM:463083;Duroc;Métro 13;MOYENNE;oui;2.31653508117631;48.8469919855543;pollution moyenne - incertitude forte
IDFM:463177;Ecole Militaire;Métro 8;FAIBLE;non;2.30644103943069;48.8548617551223;pollution faible - incertitude faible
IDFM:22172;Edgar Quinet;Métro 6;MOYENNE;non;2.32537496360891;48.8409804463282;pollution moyenne - incertitude forte
IDFM:21971;Eglise d'Auteuil;Métro 10;MOYENNE;non;2.26911138902189;48.8471433614572;pollution moyenne - incertitude forte
IDFM:monomodalStopPlace:43077;Epinay-sur-Seine;RER C;station aérienne;non;2.30238837512237;48.9538260416412;station aérienne
IDFM:monomodalStopPlace:47898;Ermont - Eaubonne;RER C;station aérienne;non;2.27075410147978;48.9804989062861;station aérienne
IDFM:monomodalStopPlace:43124;Fontaine Michalon;RER B;station aérienne;non;2.2959559818374;48.743049534363;station aérienne
IDFM:21931;Franklin D. Roosevelt;Métro 9;MOYENNE;non;2.30948819233711;48.8687248879986;pollution moyenne - incertitude forte
IDFM:463082;Front Populaire;Métro 12;MOYENNE;non;2.36579202398941;48.9066642027878;pollution moyenne - incertitude forte
IDFM:462953;Gabriel Péri;Métro 13;MOYENNE;non;2.29460408001733;48.9163474181467;pollution moyenne - incertitude forte
IDFM:463184;Gaîté;Métro 13;FAIBLE;non;2.32235399677881;48.8385260850225;pollution faible - incertitude forte
IDFM:monomodalStopPlace:43072;Gare d'Austerlitz;RER C;MOYENNE;non;2.36781876758353;48.840320356384;pollution moyenne - incertitude faible
IDFM:22013;Gare de l'Est;Métro 5;MOYENNE;non;2.35806459441865;48.8761629944664;pollution moyenne - incertitude forte
IDFM:463182;Gare du Nord;Métro 5;MOYENNE;non;2.35734288492485;48.8796800122366;pollution moyenne - incertitude faible
IDFM:22197;Grands Boulevards;Métro 8;MOYENNE;non;2.34283964863655;48.8714667784441;pollution moyenne - incertitude forte
IDFM:463017;Hoche;Métro 5;MOYENNE;non;2.4031141548944;48.8914957494373;pollution moyenne - incertitude forte
IDFM:21927;Iéna;Métro 9;ELEVE;non;2.29390639685911;48.8646858392887;pollution élevée - incertitude forte
IDFM:22011;Jacques Bonsergent;Métro 5;MOYENNE;non;2.36113158924835;48.8706664680347;pollution moyenne - incertitude forte
IDFM:21928;Jasmin;Métro 9;MOYENNE;non;2.26821908352101;48.8524621478446;pollution moyenne - incertitude forte
IDFM:monomodalStopPlace:46007;La Croix de Berny;RER B;station aérienne;non;2.30421070536121;48.7617181632369;station aérienne
IDFM:monomodalStopPlace:43142;La Ferté-Alais;RER D;station aérienne;non;2.35226019738197;48.4855007310595;station aérienne
IDFM:22192;La Tour-Maubourg;Métro 8;FAIBLE;non;2.31058878987399;48.857669229564;pollution faible - incertitude forte
IDFM:monomodalStopPlace:46163;Le Blanc-Mesnil;RER B;station aérienne;non;2.47538843607643;48.9323069822095;station aérienne
IDFM:monomodalStopPlace:43232;Le Guichet;RER B;station aérienne;non;2.19297399514874;48.7054973801936;station aérienne
IDFM:463206;Le Peletier;Métro 7;FAIBLE;non;2.34020645945634;48.8748517936707;pollution faible - incertitude forte
IDFM:monomodalStopPlace:45820;Le Plessis Chenet;RER D;station aérienne;non;2.4795222910085;48.5735872788664;station aérienne
IDFM:monomodalStopPlace:47901;Le Raincy - Villemomble - Montfermeil;RER E;station aérienne;non;2.51306100568441;48.8888544132907;station aérienne
IDFM:22203;Ledru-Rollin;Métro 8;MOYENNE;non;2.37614122331859;48.8513377667984;pollution moyenne - incertitude forte
IDFM:463216;Les Gobelins;Métro 7;MOYENNE;non;2.3525311653622;48.8358917066903;pollution moyenne - incertitude forte
IDFM:463217;Les Sablons;Métro 1;MOYENNE;non;2.27190476225913;48.8812908379336;pollution moyenne - incertitude forte
IDFM:monomodalStopPlace:43833;Luxembourg;RER B;MOYENNE;non;2.33980888782037;48.8454317784246;pollution moyenne - incertitude forte
IDFM:21973;Mabillon;Métro 10;FAIBLE;oui;2.33514281934648;48.8528437382995;pollution faible - incertitude forte
IDFM:463081;Madeleine;Métro 12;FAIBLE;non;2.32516992903419;48.870032940904;pollution faible - incertitude forte
IDFM:463219;Mairie d'Issy;Métro 12;MOYENNE;non;2.27355816802393;48.8243442876665;pollution moyenne - incertitude forte
IDFM:463224;Maison Blanche;Métro 7;MOYENNE;non;2.35841294615594;48.822149506075;pollution moyenne - incertitude forte
IDFM:monomodalStopPlace:43154;Maisons-Alfort - Alfortville;RER D;station aérienne;non;2.4264376603578;48.8021781352148;station aérienne
IDFM:22215;Maisons-Alfort - Stade;Métro 8;MOYENNE;non;2.43481953338937;48.8089184784826;pollution moyenne - incertitude forte
IDFM:monomodalStopPlace:58774;Massy - Palaiseau;RER B;station aérienne;non;2.25876772825773;48.7255190743708;station aérienne
IDFM:monomodalStopPlace:47899;Mennecy;RER D;station aérienne;non;2.43193489002607;48.5705485094817;station aérienne
IDFM:21907;Michel-Ange - Auteuil;Métro 10;MOYENNE;non;2.26398952533333;48.8479753541763;pollution moyenne - incertitude forte
IDFM:463239;Michel-Ange - Molitor;Métro 9;ELEVE;non;2.2616315833557;48.8448804882596;pollution élevée - incertitude forte
IDFM:463241;Montgallet;Métro 8;FAIBLE;non;2.39040001363536;48.844005075709;pollution faible - incertitude forte
IDFM:monomodalStopPlace:45761;Moulin Galant;RER D;station aérienne;non;2.47344491996458;48.5868822807333;station aérienne
IDFM:22073;Nation;Métro 6;MOYENNE;non;2.39585980432791;48.8478955054576;pollution moyenne - incertitude forte
IDFM:22072;Nation;Métro 2;MOYENNE;non;2.39579883511253;48.84845279708;pollution moyenne - incertitude forte
IDFM:monomodalStopPlace:46552;Nogent - Le Perreux;RER E;station aérienne;non;2.49395495792061;48.8399911756873;station aérienne
IDFM:monomodalStopPlace:47886;Nogent-sur-Marne;RER A;FAIBLE;non;2.471683791181;48.8343065385034;pollution faible - incertitude forte
IDFM:monomodalStopPlace:58937;Noisy - Champs;RER A;station aérienne;non;2.58010334283197;48.8428961959907;station aérienne
IDFM:463062;Notre-Dame-de-Lorette;Métro 12;MOYENNE;non;2.33790077182333;48.87604417483;pollution moyenne - incertitude forte
IDFM:22381;Opéra;Métro 7;FAIBLE;non;2.33243878081449;48.8703030339099;pollution faible - incertitude forte
IDFM:monomodalStopPlace:46299;Orly Ville;RER C;station aérienne;non;2.40305489240639;48.7416323068052;station aérienne
IDFM:monomodalStopPlace:47009;Palaiseau;RER B;station aérienne;non;2.24558429554376;48.7168652433036;station aérienne
IDFM:22019;Parmentier;Métro 3;MOYENNE;non;2.37472059691969;48.8652432605305;pollution moyenne - incertitude forte
IDFM:463229;Pernety;Métro 13;FAIBLE;non;2.31832365973602;48.8341637209709;pollution faible - incertitude forte
IDFM:22040;Pigalle;Métro 12;MOYENNE;non;2.33718400910534;48.8820117884111;pollution moyenne - incertitude forte
IDFM:463026;Place d'Italie;Métro 7;MOYENNE;non;2.35533090223644;48.8315493847173;pollution moyenne - incertitude forte
IDFM:monomodalStopPlace:47874;Poissy;RER A;station aérienne;non;2.04080446996069;48.9332498395655;station aérienne
IDFM:463232;Pont Neuf;Métro 7;FAIBLE;oui;2.34177674914854;48.8585463392683;pollution faible - incertitude forte
IDFM:22111;Porte Dauphine;Métro 2;MOYENNE;non;2.27763271754527;48.8713967952483;pollution moyenne - incertitude forte
IDFM:22374;Porte de la Villette;Métro 7;MOYENNE;non;2.38586903314335;48.8978026923557;pollution moyenne - incertitude forte
IDFM:22220;Porte de Saint-Ouen;Métro 13;FAIBLE;non;2.32904834074465;48.8974978373275;pollution faible - incertitude forte
IDFM:22207;Porte Dorée;Métro 8;MOYENNE;non;2.4057493814001;48.8350662204656;pollution moyenne - incertitude forte
IDFM:21960;Pyramides;Métro 14;FAIBLE;non;2.33462360600492;48.8657555273768;pollution faible - incertitude forte
IDFM:463288;Quai de la Gare;Métro 6;station aérienne;non;2.37276624894817;48.8370742706096;station aérienne
IDFM:463292;Raspail;Métro 6;MOYENNE;oui;2.33041447123548;48.8390661288004;pollution moyenne - incertitude forte
IDFM:463091;Réaumur - Sébastopol;Métro 3;MOYENNE;non;2.35202393779647;48.8662826836308;pollution moyenne - incertitude forte
IDFM:462946;République;Métro 3;MOYENNE;oui;2.36433329754543;48.8672030682278;pollution moyenne - incertitude forte
IDFM:462962;République;Métro 8;MOYENNE;non;2.36314940690038;48.8674216100271;pollution moyenne - incertitude forte
IDFM:462960;République;Métro 11;MOYENNE;non;2.36487967253478;48.8678849713488;pollution moyenne - incertitude forte
IDFM:22371;Riquet;Métro 7;FAIBLE;non;2.37376415270126;48.8881082945336;pollution faible - incertitude forte
IDFM:monomodalStopPlace:47948;Ris-Orangis;RER D;station aérienne;non;2.41499746083436;48.6590574633863;station aérienne
IDFM:monomodalStopPlace:43186;Robinson;RER B;station aérienne;non;2.28136476966961;48.780239827922;station aérienne
IDFM:monomodalStopPlace:46568;Roissy-en-Brie;RER E;station aérienne;non;2.65053070234858;48.7956336762429;station aérienne
IDFM:490788;Romainville-Carnot;Métro 11;pas de données;non;2.44067744459017;48.883574237927;pas de données
IDFM:21908;Rue de la Pompe;Métro 9;MOYENNE;non;2.27788589795906;48.8639517088799;pollution moyenne - incertitude forte
IDFM:490794;Saint-Denis - Pleyel;Métro 14;pas de données;non;2.34588612982306;48.9187337556799;pas de données
IDFM:22160;Saint-Jacques;Métro 6;station aérienne;non;2.33715437092501;48.8329160062192;station aérienne
IDFM:463097;Saint-Marcel;Métro 5;MOYENNE;non;2.360817666594;48.838476984068;pollution moyenne - incertitude forte
IDFM:463306;Saint-Michel;Métro 4;FAIBLE;non;2.34399179903329;48.8535940775681;pollution faible - incertitude forte
IDFM:22201;Saint-Sébastien - Froissart;Métro 8;FAIBLE;non;2.36737035778961;48.8609867079799;pollution faible - incertitude forte
IDFM:21980;Sèvres - Babylone;Métro 12;MOYENNE;oui;2.32685966312174;48.8515653063914;pollution moyenne - incertitude forte
IDFM:22133;Simplon;Métro 4;FAIBLE;non;2.34779496818712;48.8938152613519;pollution faible - incertitude forte
IDFM:22001;Stalingrad;Métro 5;MOYENNE;non;2.36734812127719;48.8841445128949;pollution moyenne - incertitude faible
IDFM:22159;Strasbourg - Saint-Denis;Métro 8;MOYENNE;non;2.35374476812941;48.8693857239912;pollution moyenne - incertitude forte
IDFM:monomodalStopPlace:58792;Sucy - Bonneuil;RER A;station aérienne;non;2.50749946116508;48.77206393781;station aérienne
IDFM:21993;Télégraphe;Métro 11;MOYENNE;oui;2.39864808996059;48.8755103841808;pollution moyenne - incertitude forte
IDFM:463316;Temple;Métro 3;MOYENNE;non;2.36158937833219;48.8666848321909;pollution moyenne - incertitude forte
IDFM:22108;Ternes;Métro 2;MOYENNE;non;2.29811365219831;48.8782007528283;pollution moyenne - incertitude forte
IDFM:monomodalStopPlace:43207;Torcy;RER A;station aérienne;non;2.6551691061933;48.8397101513378;station aérienne
IDFM:monomodalStopPlace:43208;Tournan;RER E;station aérienne;non;2.75890133416527;48.739445157221;station aérienne
IDFM:21917;Trocadéro;Métro 9;ELEVE;non;2.28683987979629;48.863088061116;pollution élevée - incertitude forte
IDFM:monomodalStopPlace:43211;Vaires - Torcy;RER E;station aérienne;non;2.63770555466427;48.8751730649424;station aérienne
IDFM:monomodalStopPlace:43220;Versailles Château Rive Gauche;RER C;station aérienne;non;2.13015077217552;48.7999135005949;station aérienne
IDFM:monomodalStopPlace:47904;Villabé;RER D;station aérienne;non;2.46153338636079;48.592814943454;station aérienne
IDFM:monomodalStopPlace:46307;Villeneuve-le-Roi;RER C;station aérienne;non;2.42642364504749;48.7396868580761;station aérienne
IDFM:monomodalStopPlace:58793;Villepinte;RER B;station aérienne;non;2.51278384898134;48.9625654076073;station aérienne
IDFM:monomodalStopPlace:462388;Viroflay Rive Gauche;RER C;station aérienne;non;2.17158260741522;48.800665521455;station aérienne
IDFM:monomodalStopPlace:47915;Achères Grand Cormier;RER A;station aérienne;non;2.09365291951923;48.9554109294268;station aérienne
IDFM:monomodalStopPlace:46647;Achères Ville;RER A;station aérienne;non;2.07772652465654;48.9706435708144;station aérienne
IDFM:monomodalStopPlace:462398;Aéroport CDG 1 (Terminal 3) - RER;RER B;MOYENNE;non;2.56141219463174;49.0097939711634;pollution moyenne - incertitude faible
IDFM:monomodalStopPlace:473364;Aéroport Charles de Gaulle 2 (Terminal 2);RER B;station aérienne;non;2.57098004775702;49.0041455478504;station aérienne
IDFM:463052;Alma - Marceau;Métro 9;MOYENNE;non;2.30110435239267;48.8646471479058;pollution moyenne - incertitude forte
IDFM:monomodalStopPlace:43067;Arcueil - Cachan;RER B;station aérienne;non;2.32809327613128;48.7986976722888;station aérienne
IDFM:monomodalStopPlace:45419;Avenue du Président Kennedy Maison de Radio France;RER C;FAIBLE;non;2.27967945418781;48.8535254850689;pollution faible - incertitude faible
IDFM:monomodalStopPlace:45447;Avenue Henri Martin;RER C;FAIBLE;non;2.27223514388756;48.8654553729798;pollution faible - incertitude faible
IDFM:monomodalStopPlace:45301;Bibliothèque François Mitterrand;RER C;FAIBLE;non;2.37775855286501;48.8288801225864;pollution faible - incertitude faible
IDFM:463005;Bir-Hakeim;Métro 6;station aérienne;non;2.2894007376346;48.853925368376;station aérienne
IDFM:463113;Blanche;Métro 2;MOYENNE;non;2.33248437543436;48.8837663544772;pollution moyenne - incertitude forte
IDFM:463114;Boissière;Métro 6;MOYENNE;non;2.29003283760744;48.8668483434173;pollution moyenne - incertitude forte
IDFM:463133;Bonne Nouvelle;Métro 9;MOYENNE;non;2.34842866786702;48.8704900720308;pollution moyenne - incertitude forte
IDFM:463134;Botzaris;Métro 7B;MOYENNE;non;2.38890095131574;48.8795349912684;pollution moyenne - incertitude forte
IDFM:monomodalStopPlace:45453;Boulainvilliers;RER C;MOYENNE;non;2.27480682748026;48.856981095563;pollution moyenne - incertitude faible
IDFM:463137;Boulogne Jean Jaurès;Métro 10;MOYENNE;non;2.23907778072893;48.8419915753245;pollution moyenne - incertitude forte
IDFM:monomodalStopPlace:47905;Bouray;RER C;station aérienne;non;2.29007781374324;48.532903402835;station aérienne
IDFM:monomodalStopPlace:47924;Boussy-Saint-Antoine;RER D;station aérienne;non;2.53319580923564;48.6808738711755;station aérienne
IDFM:monomodalStopPlace:43102;Buno - Gironville;RER D;station aérienne;non;2.38725410831593;48.3714948908252;station aérienne
IDFM:22176;Cambronne;Métro 6;station aérienne;non;2.30294172833761;48.8475431121935;station aérienne
IDFM:462976;Carrefour Pleyel;Métro 13;FAIBLE;non;2.34353467418347;48.9197326080498;pollution faible - incertitude forte
IDFM:monomodalStopPlace:43104;Cergy le Haut;RER A;MOYENNE;non;2.01157906802354;49.0482326240582;pollution moyenne - incertitude faible
IDFM:monomodalStopPlace:47897;Cergy Saint-Christophe;RER A;station aérienne;non;2.03452192829992;49.0496421668288;station aérienne
IDFM:monomodalStopPlace:42516;Cesson;RER D;station aérienne;non;2.59461505493673;48.5648631405317;station aérienne
IDFM:21985;Chardon Lagache;Métro 10;FAIBLE;non;2.26690547594029;48.8450882991789;pollution faible - incertitude forte
IDFM:22367;Château Landon;Métro 7;MOYENNE;non;2.36201793551061;48.8784414557324;pollution moyenne - incertitude forte
IDFM:22092;Châtelet;Métro 4;MOYENNE;non;2.34664143084401;48.8596612115591;pollution moyenne - incertitude faible
IDFM:21966;Châtelet;Métro 11;MOYENNE;non;2.34783740556879;48.857761113545;pollution moyenne - incertitude forte
IDFM:monomodalStopPlace:53783;Chatou - Croissy;RER A;station aérienne;non;2.1559376624709;48.8851970256111;station aérienne
IDFM:463147;Chevaleret;Métro 6;station aérienne;non;2.36809512377267;48.8349451678882;station aérienne
IDFM:462944;Cluny - La Sorbonne;Métro 10;MOYENNE;non;2.34502188247446;48.8507937317205;pollution moyenne - incertitude forte
IDFM:463150;Concorde;Métro 1;FAIBLE;non;2.32296144579826;48.8665579929497;pollution faible - incertitude forte
IDFM:22061;Corentin Celton;Métro 12;MOYENNE;non;2.27895866052564;48.8268232951591;pollution moyenne - incertitude forte
IDFM:463105;Corvisart;Métro 6;station aérienne;non;2.35061122592617;48.8298600133124;station aérienne
IDFM:463165;Cour Saint-Emilion;Métro 14;FAIBLE;non;2.38661785021406;48.8333193038434;pollution faible - incertitude forte
IDFM:22121;Courcelles;Métro 2;MOYENNE;non;2.30329436242521;48.8792652541131;pollution moyenne - incertitude forte
IDFM:463168;Daumesnil;Métro 8;MOYENNE;oui;2.39557360614037;48.8396739314086;pollution moyenne - incertitude forte
IDFM:22171;Dupleix;Métro 6;station aérienne;non;2.29366372673104;48.8504116258067;station aérienne
IDFM:21970;Duroc;Métro 10;MOYENNE;non;2.3162247549746;48.8467563780878;pollution moyenne - incertitude forte
IDFM:monomodalStopPlace:415484;Egly;RER C;station aérienne;non;2.22346252385423;48.5827157816641;station aérienne
IDFM:monomodalStopPlace:43074;Emerainville - Pontault-Combault;RER E;station aérienne;non;2.61850293984912;48.8058794460812;station aérienne
IDFM:monomodalStopPlace:43076;Epinay-sur-Orge;RER C;station aérienne;non;2.33204350045172;48.6693475106473;station aérienne
IDFM:463170;Esplanade de la Défense;Métro 1;MOYENNE;non;2.24993108674307;48.8883498939486;pollution moyenne - incertitude forte
IDFM:463069;Europe;Métro 3;FAIBLE;non;2.32218591952051;48.8787531640448;pollution faible - incertitude forte
IDFM:22204;Faidherbe - Chaligny;Métro 8;FAIBLE;non;2.38407247168888;48.8502007055093;pollution faible - incertitude forte
IDFM:22056;Falguière;Métro 12;MOYENNE;non;2.31755123561703;48.8443176835343;pollution moyenne - incertitude forte
IDFM:monomodalStopPlace:47238;Fontenay-sous-Bois;RER A;station aérienne;non;2.46353780652794;48.8437885964859;station aérienne
IDFM:monomodalStopPlace:43126;Franconville - Le Plessis-Bouchard;RER C;station aérienne;non;2.23419078393066;48.9937464005179;station aérienne
IDFM:463174;Gallieni;Métro 3;FAIBLE;oui;2.41592148428764;48.8653974606865;pollution faible - incertitude forte
IDFM:462991;Gambetta;Métro 3;MOYENNE;non;2.39735887756665;48.8649726760697;pollution moyenne - incertitude forte
IDFM:22148;Gare de l'Est;Métro 4;FAIBLE;non;2.35774958182044;48.8762782183184;pollution faible - incertitude forte
IDFM:21996;Goncourt;Métro 11;MOYENNE;non;2.3707644347484;48.8700070178386;pollution moyenne - incertitude forte
IDFM:463049;Grands Boulevards;Métro 9;MOYENNE;non;2.3432202183424;48.8715588012238;pollution moyenne - incertitude forte
IDFM:monomodalStopPlace:43132;Grigny Centre;RER D;MOYENNE;non;2.39678605544789;48.6548419508338;pollution moyenne - incertitude faible
IDFM:monomodalStopPlace:43083;Igny;RER C;station aérienne;non;2.23080764322405;48.7408488611089;station aérienne
IDFM:monomodalStopPlace:45346;Javel;RER C;station aérienne;non;2.27803679359566;48.8471615804635;station aérienne
IDFM:463078;Jussieu;Métro 7;MOYENNE;non;2.35479830982086;48.8459633390381;pollution moyenne - incertitude forte
IDFM:22395;La Courneuve - 8 Mai 1945;Métro 7;MOYENNE;non;2.41022140364051;48.9202457966294;pollution moyenne - incertitude forte
IDFM:463202;La Motte-Picquet - Grenelle;Métro 10;FAIBLE;non;2.29868457981694;48.8495328058571;pollution faible - incertitude forte
IDFM:22183;La Motte-Picquet - Grenelle;Métro 8;FAIBLE;non;2.29874544438858;48.8495061817466;pollution faible - incertitude forte
IDFM:463205;Lamarck - Caulaincourt;Métro 12;FAIBLE;non;2.33858382438319;48.8896818099668;pollution faible - incertitude forte
IDFM:monomodalStopPlace:45850;Le Bras de Fer;RER D;MOYENNE;non;2.45200475487373;48.6233063971972;pollution moyenne - incertitude faible
IDFM:monomodalStopPlace:45824;Le Coudray-Montceaux;RER D;station aérienne;non;2.49242449949777;48.5661981931581;station aérienne
IDFM:monomodalStopPlace:43234;Le Parc de Saint-Maur;RER A;station aérienne;non;2.48662374413569;48.8054097518155;station aérienne
IDFM:monomodalStopPlace:464040;Le Vert de Maisons;RER D;station aérienne;non;2.43212426783;48.7888313112327;station aérienne
IDFM:monomodalStopPlace:43230;Les Grésillons;RER C;station aérienne;non;2.31390196821797;48.9206901983449;station aérienne
IDFM:463209;Liberté;Métro 8;MOYENNE;non;2.40640945913237;48.8260803219361;pollution moyenne - incertitude forte
IDFM:monomodalStopPlace:47669;Lieusaint - Moissy;RER D;station aérienne;non;2.56950707089801;48.6283364839303;station aérienne
IDFM:22384;Louis Blanc;Métro 7;MOYENNE;non;2.36435624918908;48.8812418207527;pollution moyenne - incertitude forte
IDFM:22034;Louise Michel;Métro 3;MOYENNE;non;2.28827784906798;48.8885390011961;pollution moyenne - incertitude forte
IDFM:490841;Maison Blanche;Métro 14;pas de données;non;2.35891825985904;48.8212078686208;pas de données
IDFM:monomodalStopPlace:411485;Malesherbes;RER D;station aérienne;non;2.40103644172888;48.2936332914705;station aérienne
IDFM:monomodalStopPlace:43239;Marne-la-Vallée Chessy;RER A;station aérienne;non;2.78248265126735;48.8697950667314;station aérienne
IDFM:monomodalStopPlace:43163;Meudon Val Fleury;RER C;station aérienne;non;2.24094191716836;48.8075523581969;station aérienne
IDFM:22224;Miromesnil;Métro 13;FAIBLE;non;2.31601069312102;48.8734479157952;pollution faible - incertitude forte
IDFM:462980;Montparnasse Bienvenue;Métro 12;MOYENNE;non;2.32392211008296;48.8437422894269;pollution moyenne - incertitude forte
IDFM:monomodalStopPlace:43169;Nanterre Préfecture;RER A;MOYENNE;non;2.22298624299137;48.8958867730647;pollution moyenne - incertitude forte
IDFM:monomodalStopPlace:43170;Nanterre Université;RER A;station aérienne;non;2.21353649512732;48.9011297460482;station aérienne
IDFM:monomodalStopPlace:473875;Nation;RER A;MOYENNE;non;2.39594446544953;48.8482331907276;pollution moyenne - incertitude faible
IDFM:22169;Nationale;Métro 6;station aérienne;non;2.36285795808762;48.833181604067;station aérienne
IDFM:monomodalStopPlace:415093;Neuilly Porte Maillot;RER E;pas de données;non;2.28421750961371;48.8783478040486;pas de données
IDFM:monomodalStopPlace:474082;Noisy-le-Grand - Mont d'Est;RER A;MOYENNE;non;2.55002675415877;48.8408852504122;pollution moyenne - incertitude forte
IDFM:21978;Odéon;Métro 10;MOYENNE;non;2.340619126474;48.8519477060765;pollution moyenne - incertitude forte
IDFM:22195;Opéra;Métro 8;FAIBLE;non;2.33213507292529;48.8705981224867;pollution faible - incertitude forte
IDFM:22005;Ourcq;Métro 5;ELEVE;oui;2.38667653560199;48.8871499028366;pollution élevée - incertitude forte
IDFM:monomodalStopPlace:462901;Ozoir-la-Ferrière;RER E;station aérienne;non;2.69011619050094;48.7707671683701;station aérienne
IDFM:22376;Palais Royal - Musée du Louvre;Métro 7;MOYENNE;non;2.33700735476568;48.8626839977697;pollution moyenne - incertitude forte
IDFM:monomodalStopPlace:43175;Palaiseau - Villebon;RER B;station aérienne;non;2.23732924970831;48.7081489333421;station aérienne
IDFM:monomodalStopPlace:43177;Parc de Sceaux;RER B;station aérienne;non;2.30993469158904;48.7697189497129;station aérienne
IDFM:22166;Pasteur;Métro 6;MOYENNE;non;2.31279265144127;48.8424827182859;pollution moyenne - incertitude forte
IDFM:21948;Pelleport;Métro 3B;MOYENNE;non;2.40160636134298;48.8684204679995;pollution moyenne - incertitude forte
IDFM:22020;Père Lachaise;Métro 3;MOYENNE;non;2.38615704629834;48.8629641743542;pollution moyenne - incertitude forte
IDFM:monomodalStopPlace:43180;Pierrelaye;RER C;station aérienne;non;2.15453139487586;49.0191795737476;station aérienne
IDFM:24682;Place des Fêtes;Métro 7B;MOYENNE;non;2.39295961650731;48.8769385900426;pollution moyenne - incertitude forte
IDFM:463085;Plaisance;Métro 13;MOYENNE;non;2.31386048934431;48.8317503630675;pollution moyenne - incertitude forte
IDFM:22377;Poissonnière;Métro 7;FAIBLE;non;2.34873975139007;48.8771648492502;pollution faible - incertitude forte
IDFM:462985;Pont de Levallois - Bécon;Métro 3;FAIBLE;non;2.28030375318625;48.8972283160332;pollution faible - incertitude forte
IDFM:monomodalStopPlace:47907;Pont de Rungis Aéroport d'Orly;RER C;station aérienne;non;2.37320985479593;48.7483462586803;station aérienne
IDFM:monomodalStopPlace:45812;Ponthierry - Pringy;RER D;station aérienne;non;2.54453656463995;48.5350849510855;station aérienne
IDFM:monomodalStopPlace:44411;Pontoise;RER C;station aérienne;non;2.09578599684235;49.0467333759668;station aérienne
IDFM:monomodalStopPlace:43183;Porchefontaine;RER C;station aérienne;non;2.15223404898581;48.7965447598644;station aérienne
IDFM:463073;Porte de Clignancourt;Métro 4;MOYENNE;non;2.34462409910279;48.897525631278;pollution moyenne - incertitude forte
IDFM:22041;Porte de la Chapelle;Métro 12;FAIBLE;non;2.35924854231036;48.8974024226704;pollution faible - incertitude forte
IDFM:463260;Porte de Vanves;Métro 13;FAIBLE;oui;2.30533238665747;48.8276134640043;pollution faible - incertitude forte
IDFM:22077;Porte de Vincennes;Métro 1;MOYENNE;oui;2.4108049967015;48.8470077310886;pollution moyenne - incertitude forte
IDFM:22078;Porte Maillot;Métro 1;FAIBLE;non;2.28258384736155;48.8781626536446;pollution faible - incertitude forte
IDFM:24684;Pré-Saint-Gervais;Métro 7B;MOYENNE;non;2.39858077069353;48.8801595806643;pollution moyenne - incertitude forte
IDFM:22004;Quai de la Rapée;Métro 5;station aérienne;non;2.36599289093755;48.8464908542034;station aérienne
IDFM:463294;Reuilly - Diderot;Métro 1;FAIBLE;non;2.38583677600869;48.8473498278461;pollution faible - incertitude forte
IDFM:21921;Richelieu - Drouot;Métro 9;MOYENNE;non;2.33859122153854;48.872135870318;pollution moyenne - incertitude forte
IDFM:21911;Saint-Augustin;Métro 9;MOYENNE;non;2.3210135978086;48.8745466129349;pollution moyenne - incertitude forte
IDFM:monomodalStopPlace:47952;Saint-Chéron;RER C;station aérienne;non;2.12497673157305;48.5509377453571;station aérienne
IDFM:monomodalStopPlace:412743;Saint-Denis;RER D;station aérienne;non;2.34547900498733;48.9348288993962;station aérienne
IDFM:22242;Saint-Denis - Université;Métro 13;MOYENNE;non;2.36449429051032;48.9459114588839;pollution moyenne - incertitude forte
IDFM:22217;Saint-François-Xavier;Métro 13;MOYENNE;non;2.31440740352873;48.8512787565696;pollution moyenne - incertitude forte
IDFM:22044;Saint-Georges;Métro 12;FAIBLE;non;2.33757064037967;48.8784165949017;pollution faible - incertitude forte
IDFM:monomodalStopPlace:43201;Saint-Gratien;RER C;station aérienne;non;2.28577782858535;48.9636582735294;station aérienne
IDFM:462972;Saint-Lazare;Métro 14;MOYENNE;oui;2.32402589612468;48.875660854672;pollution moyenne - incertitude forte
IDFM:monomodalStopPlace:43192;Savigny-sur-Orge;RER C;station aérienne;non;2.35235418040568;48.676394688667;station aérienne
IDFM:monomodalStopPlace:43193;Sevran Beaudottes;RER B;MOYENNE;non;2.52472621644713;48.9470023650464;pollution moyenne - incertitude faible
IDFM:463311;Solférino;Métro 12;MOYENNE;non;2.32307596425154;48.8585319497285;pollution moyenne - incertitude forte
IDFM:monomodalStopPlace:43204;Stade de France Saint-Denis;RER D;station aérienne;non;2.35044304791002;48.9176973726025;station aérienne
IDFM:463009;Stalingrad;Métro 2;station aérienne;non;2.36577437055817;48.8843205488699;station aérienne
IDFM:22369;Sully - Morland;Métro 7;MOYENNE;non;2.36175173812632;48.8512079125435;pollution moyenne - incertitude forte
IDFM:22164;Trocadéro;Métro 6;MOYENNE;non;2.28762537785352;48.8634614737145;pollution moyenne - incertitude forte
IDFM:monomodalStopPlace:43213;Val d'Europe;RER A;station aérienne;non;2.77242689423403;48.8548462285157;station aérienne
IDFM:462959;Vaneau;Métro 10;MOYENNE;non;2.32135124235474;48.8488945700589;pollution moyenne - incertitude forte
IDFM:463320;Varenne;Métro 13;MOYENNE;non;2.31497764703634;48.8566242026469;pollution moyenne - incertitude forte
IDFM:463321;Vaugirard;Métro 12;FAIBLE;non;2.3009778221261;48.8395362837654;pollution faible - incertitude forte
IDFM:monomodalStopPlace:43223;Villiers-sur-Marne - Le Plessis-Trévise;RER E;station aérienne;non;2.54264446667421;48.8232478678302;station aérienne
IDFM:monomodalStopPlace:46375;Vitry-sur-Seine;RER C;station aérienne;non;2.40269438767449;48.8002810525476;station aérienne
IDFM:463070;Wagram;Métro 3;MOYENNE;non;2.30467308758443;48.8838463907272;pollution moyenne - incertitude forte
IDFM:monomodalStopPlace:46387;Ablon;RER C;station aérienne;non;2.41986714789146;48.725781263799;station aérienne
IDFM:490917;Aéroport d'Orly;Métro 14;pas de données;non;2.36251355708935;48.7276608758873;pas de données
IDFM:463118;Alésia;Métro 4;FAIBLE;non;2.32719262506516;48.8281521577035;pollution faible - incertitude forte
IDFM:22122;Alexandre Dumas;Métro 2;MOYENNE;non;2.39459141867213;48.8561990973411;pollution moyenne - incertitude faible
IDFM:463121;Argentine;Métro 1;FAIBLE;non;2.28943541854221;48.8756673765997;pollution faible - incertitude forte
IDFM:monomodalStopPlace:43068;Arpajon;RER C;station aérienne;non;2.24121696961114;48.5859968082265;station aérienne
IDFM:22233;Asnières - Gennevilliers Les Courtilles;Métro 13;FAIBLE;non;2.28437210065884;48.9306036414004;pollution faible - incertitude forte
IDFM:monomodalStopPlace:43071;Aulnay-sous-Bois;RER B;station aérienne;non;2.49559725708632;48.9321509357341;station aérienne
IDFM:463124;Avenue Emile Zola;Métro 10;MOYENNE;non;2.29501899714355;48.8470380137052;pollution moyenne - incertitude forte
IDFM:monomodalStopPlace:45437;Avenue Foch;RER C;MOYENNE;non;2.27477126443385;48.8698528121576;pollution moyenne - incertitude faible
IDFM:483314;Bagneux - Lucie Aubrac;Métro 4;FAIBLE;non;2.31745836204989;48.803548222591;pollution faible - incertitude forte
IDFM:22240;Basilique de Saint-Denis;Métro 13;MOYENNE;non;2.35929584081268;48.9367830653242;pollution moyenne - incertitude forte
IDFM:463127;Bel-Air;Métro 6;station aérienne;non;2.40086713199526;48.8414273322336;station aérienne
IDFM:463035;Billancourt;Métro 9;MOYENNE;non;2.23789110103803;48.8319199740545;pollution moyenne - incertitude forte
IDFM:463131;Bobigny Pablo Picasso;Métro 5;MOYENNE;non;2.44930133664657;48.9063667950306;pollution moyenne - incertitude forte
IDFM:monomodalStopPlace:43096;Bondy;RER E;station aérienne;non;2.47958003583859;48.8939658646765;station aérienne
IDFM:463139;Cadet;Métro 7;FAIBLE;non;2.34438388377966;48.8760483801313;pollution faible - incertitude forte
IDFM:22009;Campo-Formio;Métro 5;MOYENNE;oui;2.35846883463925;48.8355954312333;pollution moyenne - incertitude forte
IDFM:monomodalStopPlace:58270;Champigny;RER A;station aérienne;non;2.51053804364692;48.8068230945614;station aérienne
IDFM:monomodalStopPlace:45102;Châtelet les Halles;RER D;MOYENNE;non;2.34697651043533;48.8617450319132;pollution moyenne - incertitude faible
IDFM:22237;Châtillon-Montrouge;Métro 13;station aérienne;non;2.30171770500461;48.8107514067014;station aérienne
IDFM:monomodalStopPlace:47883;Chaville - Vélizy;RER C;station aérienne;non;2.18341879434047;48.7996811644679;station aérienne
IDFM:monomodalStopPlace:43110;Choisy-le-Roi;RER C;station aérienne;non;2.4112875381557;48.7638797776334;station aérienne
IDFM:22150;Cité;Métro 4;MOYENNE;non;2.34723223493191;48.8549338491067;pollution moyenne - incertitude forte
IDFM:463162;Commerce;Métro 8;FAIBLE;non;2.29385170844062;48.8445848552401;pollution faible - incertitude forte
IDFM:monomodalStopPlace:43115;Corbeil-Essonnes;RER D;station aérienne;non;2.47246765763928;48.6132386427762;station aérienne
IDFM:monomodalStopPlace:411440;Creil;RER D;station aérienne;non;2.46892902764167;49.2641855550444;station aérienne
IDFM:463056;Créteil - Préfecture;Métro 8;station aérienne;non;2.45930516929126;48.779756526779;station aérienne
IDFM:463171;Etienne Marcel;Métro 4;FAIBLE;non;2.34897619687911;48.8637030120243;pollution faible - incertitude forte
IDFM:22393;Fort d'Aubervilliers;Métro 7;MOYENNE;non;2.40407537727186;48.9147566550626;pollution moyenne - incertitude forte
IDFM:462997;Gambetta;Métro 3B;MOYENNE;non;2.39853730570457;48.865032564464;pollution moyenne - incertitude forte
IDFM:463046;Gare de Lyon;Métro 14;MOYENNE;non;2.37310058193396;48.8446756317482;pollution moyenne - incertitude forte
IDFM:monomodalStopPlace:470195;Gare de Lyon;RER A;MOYENNE;non;2.3763656609312;48.8434021164656;pollution moyenne - incertitude faible
IDFM:monomodalStopPlace:45860;Grand Bourg;RER D;station aérienne;non;2.43483873193502;48.6488084059175;station aérienne
IDFM:21906;Havre-Caumartin;Métro 3;FAIBLE;non;2.32746279842351;48.873467839378;pollution faible - incertitude forte
IDFM:monomodalStopPlace:43082;Houilles - Carrières-sur-Seine;RER A;station aérienne;non;2.18517570420187;48.9203475791103;station aérienne
IDFM:monomodalStopPlace:46366;Ivry-sur-Seine;RER C;station aérienne;non;2.39167728002074;48.8139591342409;station aérienne
IDFM:22118;Jaurès;Métro 2;station aérienne;non;2.37026986750925;48.8815968307993;station aérienne
IDFM:monomodalStopPlace:43135;Joinville-le-Pont;RER A;station aérienne;non;2.46387394955465;48.8211973736079;station aérienne
IDFM:463077;Jussieu;Métro 10;FAIBLE;non;2.35494418437576;48.8462878950311;pollution faible - incertitude forte
IDFM:monomodalStopPlace:45739;Juvisy;RER C;station aérienne;non;2.38333462940387;48.6897094091231;station aérienne
IDFM:462982;La Chapelle;Métro 2;station aérienne;non;2.36043033616214;48.8844764834096;station aérienne
IDFM:monomodalStopPlace:43140;La Courneuve - Aubervilliers;RER B;station aérienne;non;2.38611405709495;48.9242974320391;station aérienne
IDFM:22227;La Fourche;Métro 13;FAIBLE;non;2.32568696076674;48.8874245105181;pollution faible - incertitude forte
IDFM:monomodalStopPlace:47046;La Hacquinière;RER B;station aérienne;non;2.151610610339;48.6952995484525;station aérienne
IDFM:monomodalStopPlace:47939;La Norville - Saint-Germain-lès-Arpajon;RER C;station aérienne;non;2.26621590669931;48.5911191647482;station aérienne
IDFM:monomodalStopPlace:43231;Le Bourget;RER B;station aérienne;non;2.4258256378151;48.9307443403833;station aérienne
IDFM:monomodalStopPlace:43127;Le Chénay Gagny;RER E;station aérienne;non;2.55277249086463;48.8771591253828;station aérienne
IDFM:monomodalStopPlace:45784;Le Mée;RER D;station aérienne;non;2.62555373220601;48.5387467307389;station aérienne
IDFM:monomodalStopPlace:53784;Le Vésinet - Centre;RER A;station aérienne;non;2.13433399002168;48.8901375918591;station aérienne
IDFM:22232;Les Agnettes;Métro 13;FAIBLE;non;2.286263202479;48.9230877779636;pollution faible - incertitude forte
IDFM:22146;Les Halles;Métro 4;FAIBLE;non;2.34600573656331;48.8625266596287;pollution faible - incertitude forte
IDFM:monomodalStopPlace:58288;Les Yvris Noisy-le-Grand;RER E;station aérienne;non;2.57998045637195;48.8231134813547;station aérienne
IDFM:22194;Madeleine;Métro 8;MOYENNE;non;2.326027211773;48.8695656161177;pollution moyenne - incertitude forte
IDFM:21961;Madeleine;Métro 14;MOYENNE;non;2.32581004879328;48.8705446767162;pollution moyenne - incertitude forte
IDFM:483904;Mairie d'Aubervilliers;Métro 12;MOYENNE;non;2.38078269931633;48.9137392258081;pollution moyenne - incertitude forte
IDFM:21941;Mairie de Montreuil;Métro 9;MOYENNE;non;2.44181937724591;48.8622744369706;pollution moyenne - incertitude forte
IDFM:480330;Mairie de Saint-Ouen;Métro 14;MOYENNE;non;2.33354580721327;48.911642175525;pollution moyenne - incertitude forte
IDFM:monomodalStopPlace:43156;Maisse;RER D;station aérienne;non;2.39349366103225;48.3936713298945;station aérienne
IDFM:463214;Malakoff - Rue Etienne Dolet;Métro 13;station aérienne;non;2.29712401008358;48.8153383659597;station aérienne
IDFM:monomodalStopPlace:58774;Massy - Palaiseau;RER C;station aérienne;non;2.25876772825773;48.7255190743708;station aérienne
IDFM:monomodalStopPlace:47940;Massy - Verrières;RER C;station aérienne;non;2.27397877905532;48.7349579552114;station aérienne
IDFM:21904;Michel-Ange - Molitor;Métro 10;MOYENNE;non;2.26182185732201;48.845155970187;pollution moyenne - incertitude forte
IDFM:21982;Mirabeau;Métro 10;MOYENNE;oui;2.27306412637283;48.847077507346;pollution moyenne - incertitude forte
IDFM:monomodalStopPlace:43164;Mitry - Claye;RER B;station aérienne;non;2.64223413697366;48.9757479508066;station aérienne
IDFM:462955;Montparnasse Bienvenue;Métro 6;MOYENNE;oui;2.32121871999038;48.8421306078144;pollution moyenne - incertitude forte
IDFM:22157;Montparnasse Bienvenue;Métro 13;MOYENNE;non;2.32098388303609;48.8423136450649;pollution moyenne - incertitude forte
IDFM:490789;Montreuil - Hôpital;Métro 11;pas de données;non;2.45466923583646;48.8782698292477;pas de données
IDFM:monomodalStopPlace:45705;Musée d'Orsay;RER C;MOYENNE;non;2.32662303483093;48.8603655759275;pollution moyenne - incertitude faible
IDFM:monomodalStopPlace:487011;Nanterre-La-Folie;RER E;station aérienne;non;2.22656879445869;48.8975813247741;station aérienne
IDFM:22080;Nation;Métro 1;MOYENNE;non;2.39584398872374;48.848084289974;pollution moyenne - incertitude forte
IDFM:monomodalStopPlace:43172;Neuilly-Plaisance;RER A;station aérienne;non;2.51458982113677;48.8525245131379;station aérienne
IDFM:monomodalStopPlace:47879;Neuville Université;RER A;station aérienne;non;2.07834882057823;49.0137427594267;station aérienne
IDFM:463059;Oberkampf;Métro 5;ELEVE;non;2.36860456258078;48.8646445651653;pollution élevée - incertitude faible
IDFM:463246;Opéra;Métro 3;MOYENNE;non;2.33112897430156;48.8715098327842;pollution moyenne - incertitude forte
IDFM:monomodalStopPlace:48489;Orangis Bois de l'Epine;RER D;station aérienne;non;2.40769076622141;48.6363396147683;station aérienne
IDFM:monomodalStopPlace:411421;Orry-la-Ville - Coye;RER D;station aérienne;non;2.48986208630207;49.1384054614544;station aérienne
IDFM:22079;Palais Royal - Musée du Louvre;Métro 1;MOYENNE;non;2.33645436775425;48.8622222655742;pollution moyenne - incertitude forte
IDFM:462947;Pasteur;Métro 12;MOYENNE;non;2.31265189810458;48.8428236688103;pollution moyenne - incertitude forte
IDFM:monomodalStopPlace:44314;Péreire Levallois;RER C;MOYENNE;non;2.29922868198281;48.8860270078043;pollution moyenne - incertitude faible
IDFM:monomodalStopPlace:57674;Petit Jouy Les Loges;RER C;station aérienne;non;2.14685196934454;48.771237688054;station aérienne
IDFM:463230;Philippe Auguste;Métro 2;MOYENNE;non;2.39049759674529;48.8580894281358;pollution moyenne - incertitude forte
IDFM:463098;Picpus;Métro 6;MOYENNE;non;2.40127453882237;48.8451032475019;pollution moyenne - incertitude forte
IDFM:22397;Pierre et Marie Curie;Métro 7;MOYENNE;non;2.37724688603649;48.8158365009971;pollution moyenne - incertitude forte
IDFM:22115;Place de Clichy;Métro 2;MOYENNE;non;2.32795832801022;48.8836690882727;pollution moyenne - incertitude forte
IDFM:22129;Place de Clichy;Métro 13;FAIBLE;non;2.32739834564701;48.8837378902276;pollution faible - incertitude forte
IDFM:21951;Place des Fêtes;Métro 11;MOYENNE;oui;2.3931393703605;48.8767236619733;pollution moyenne - incertitude forte
IDFM:monomodalStopPlace:415091;Pont de l'Alma;RER C;MOYENNE;non;2.3003592740111;48.862474963108;pollution moyenne - incertitude faible
IDFM:22099;Pont de Neuilly;Métro 1;MOYENNE;oui;2.25849542936913;48.8854893889747;pollution moyenne - incertitude forte
IDFM:463234;Porte d'Auteuil;Métro 10;MOYENNE;non;2.25828074459554;48.8479041236292;pollution moyenne - incertitude forte
IDFM:463276;Porte de Bagnolet;Métro 3;MOYENNE;non;2.40875422118954;48.8645393729345;pollution moyenne - incertitude forte
IDFM:480541;Porte de Clichy;Métro 14;MOYENNE;non;2.31343186954405;48.8942886778514;pollution moyenne - incertitude forte
IDFM:463263;Porte des Lilas;Métro 11;FAIBLE;oui;2.40652267639823;48.8772314306727;pollution faible - incertitude forte
IDFM:21991;Pyrénées;Métro 11;MOYENNE;non;2.38488395774874;48.8738126549175;pollution moyenne - incertitude forte
IDFM:22024;Quatre Septembre;Métro 3;MOYENNE;non;2.33627864232486;48.8695959211192;pollution moyenne - incertitude forte
IDFM:21992;Rambuteau;Métro 11;MOYENNE;non;2.35327394859477;48.8611901569504;pollution moyenne - incertitude forte
IDFM:22131;Raspail;Métro 4;FAIBLE;non;2.33046699371987;48.8391563595256;pollution faible - incertitude forte
IDFM:463072;Réaumur - Sébastopol;Métro 4;FAIBLE;non;2.35238173114025;48.866077771215;pollution faible - incertitude forte
IDFM:21903;République;Métro 5;MOYENNE;oui;2.36409904722257;48.8676874681652;pollution moyenne - incertitude forte
IDFM:462963;République;Métro 9;MOYENNE;non;2.36330234078045;48.8675123578111;pollution moyenne - incertitude forte
IDFM:21942;Robespierre;Métro 9;MOYENNE;non;2.42297308649635;48.8556738085503;pollution moyenne - incertitude forte
IDFM:monomodalStopPlace:42356;Rosny Bois Perrier;RER E;station aérienne;non;2.48118639626768;48.8825863232866;station aérienne
IDFM:22442;Rue des Boulets;Métro 9;MOYENNE;non;2.38910470503224;48.8522140733319;pollution moyenne - incertitude forte
IDFM:monomodalStopPlace:44787;Rungis la Fraternelle;RER C;station aérienne;non;2.35219808739053;48.7402161366842;station aérienne
IDFM:463301;Saint-Denis - Porte de Paris;Métro 13;MOYENNE;non;2.3561729251016;48.9299227504458;pollution moyenne - incertitude forte
IDFM:monomodalStopPlace:45814;Saint-Fargeau;RER D;station aérienne;non;2.54261007423853;48.5650260844692;station aérienne
IDFM:monomodalStopPlace:43198;Saint-Germain-en-Laye;RER A;FAIBLE;non;2.09504191232637;48.8987453005508;pollution faible - incertitude forte
IDFM:monomodalStopPlace:44801;Saint-Maur - Créteil;RER A;station aérienne;non;2.47290943087782;48.8061964811073;station aérienne
IDFM:monomodalStopPlace:44877;Saint-Michel Notre-Dame;RER C;MOYENNE;non;2.34495978002939;48.8530237937402;pollution moyenne - incertitude faible
IDFM:monomodalStopPlace:43202;Saint-Michel-sur-Orge;RER C;station aérienne;non;2.30680296761561;48.6356155252116;station aérienne
IDFM:480341;Saint-Ouen;Métro 14;MOYENNE;non;2.32275595466974;48.9051695699157;pollution moyenne - incertitude forte
IDFM:monomodalStopPlace:47599;Saint-Ouen-l'Aumône;RER C;station aérienne;non;2.10523085787079;49.0453069008729;station aérienne
IDFM:22074;Saint-Paul (Le Marais);Métro 1;FAIBLE;non;2.3608852562752;48.8551874216045;pollution faible - incertitude forte
IDFM:monomodalStopPlace:47665;Savigny-le-Temple - Nandy;RER D;station aérienne;non;2.58393597609343;48.5954899856348;station aérienne
IDFM:463315;Ségur;Métro 10;MOYENNE;non;2.30713784940339;48.847167269995;pollution moyenne - incertitude forte
IDFM:462986;Sentier;Métro 3;MOYENNE;non;2.34751371082199;48.8672834316605;pollution moyenne - incertitude forte
IDFM:490762;Serge Gainsbourg;Métro 11;pas de données;non;2.42716216858952;48.8812530344017;pas de données
IDFM:monomodalStopPlace:43194;Sevran - Livry;RER B;station aérienne;non;2.53528899272914;48.9364016488027;station aérienne
IDFM:21920;Strasbourg - Saint-Denis;Métro 9;MOYENNE;non;2.35373158267318;48.8693496791719;pollution moyenne - incertitude forte
IDFM:463041;Tuileries;Métro 1;FAIBLE;non;2.32967809471164;48.8644778393146;pollution faible - incertitude forte
IDFM:monomodalStopPlace:47900;Val de Fontenay;RER A;MOYENNE;non;2.48905363077516;48.8542465403202;pollution moyenne - incertitude faible
IDFM:463016;Vavin;Métro 4;FAIBLE;non;2.3288628540691;48.8420523232924;pollution faible - incertitude forte
IDFM:monomodalStopPlace:43219;Versailles Chantiers;RER C;station aérienne;non;2.13490786033735;48.7952603989361;station aérienne
IDFM:monomodalStopPlace:46304;Villeneuve Triage;RER D;station aérienne;non;2.43869783384088;48.7446111391405;station aérienne
IDFM:monomodalStopPlace:45067;Villeneuve-Saint-Georges;RER D;station aérienne;non;2.44630478673981;48.730080267741;station aérienne
IDFM:monomodalStopPlace:46725;Villeparisis - Mitry-le-Neuf;RER B;station aérienne;non;2.60322056153275;48.9531621468708;station aérienne
IDFM:22027;Villiers;Métro 3;MOYENNE;non;2.31581509264638;48.8810731830756;pollution moyenne - incertitude forte
IDFM:monomodalStopPlace:43224;Vincennes;RER A;MOYENNE;non;2.4325836014183;48.847346834603;pollution moyenne - incertitude forte
IDFM:monomodalStopPlace:43225;Viry-Châtillon;RER D;station aérienne;non;2.3870219600134;48.6759078393699;station aérienne
IDFM:monomodalStopPlace:43226;Yerres;RER D;station aérienne;non;2.48318700516305;48.7064507273249;station aérienne
